{
  "type": "Topology",
  "transform": {
    "scale": [
      27.259608671526344,
      23.865982384304928
    ],
    "translate": [
      858465.3073347972,
      4804947.765327836
    ]
  },
  "arcs": [
    [
      [
        2671,
        5954
      ],
      [
        9,
        9
      ],
      [
        -42,
        105
      ],
      [
        -45,
        30
      ],
      [
        -25,
        51
      ],
      [
        -98,
        54
      ],
      [
        -65,
        120
      ],
      [
        -191,
        172
      ],
      [
        3,
        104
      ],
      [
        71,
        78
      ],
      [
        17,
        -2
      ],
      [
        91,
        -139
      ],
      [
        51,
        -28
      ],
      [
        123,
        19
      ],
      [
        57,
        -15
      ],
      [
        10,
        36
      ],
      [
        -34,
        88
      ],
      [
        -80,
        136
      ],
      [
        14,
        123
      ],
      [
        57,
        -7
      ],
      [
        22,
        19
      ],
      [
        44,
        -20
      ],
      [
        53,
        4
      ],
      [
        56,
        73
      ],
      [
        53,
        2
      ],
      [
        13,
        22
      ],
      [
        123,
        -54
      ],
      [
        23,
        29
      ],
      [
        16,
        62
      ],
      [
        -10,
        33
      ],
      [
        11,
        96
      ],
      [
        -28,
        70
      ],
      [
        3,
        56
      ],
      [
        31,
        46
      ],
      [
        28,
        4
      ],
      [
        104,
        -67
      ],
      [
        24,
        16
      ],
      [
        33,
        -94
      ],
      [
        -17,
        -45
      ],
      [
        25,
        -140
      ],
      [
        -15,
        -33
      ],
      [
        7,
        -27
      ],
      [
        95,
        -134
      ],
      [
        51,
        0
      ],
      [
        -7,
        -98
      ],
      [
        43,
        -45
      ],
      [
        96,
        -29
      ],
      [
        12,
        -39
      ],
      [
        23,
        10
      ],
      [
        47,
        -27
      ],
      [
        87,
        -140
      ],
      [
        19,
        36
      ],
      [
        22,
        0
      ],
      [
        24,
        -24
      ],
      [
        23,
        8
      ],
      [
        83,
        -31
      ],
      [
        58,
        -51
      ],
      [
        34,
        -76
      ],
      [
        31,
        -16
      ],
      [
        16,
        -77
      ],
      [
        89,
        -11
      ],
      [
        -10,
        -55
      ],
      [
        11,
        -29
      ],
      [
        193,
        -193
      ],
      [
        93,
        -29
      ],
      [
        78,
        7
      ],
      [
        23,
        33
      ],
      [
        86,
        15
      ],
      [
        101,
        54
      ],
      [
        105,
        -28
      ],
      [
        167,
        28
      ],
      [
        101,
        -28
      ],
      [
        40,
        -30
      ],
      [
        56,
        22
      ],
      [
        80,
        -72
      ],
      [
        100,
        2
      ],
      [
        42,
        28
      ],
      [
        43,
        70
      ],
      [
        27,
        -6
      ],
      [
        60,
        47
      ],
      [
        118,
        49
      ],
      [
        55,
        -15
      ],
      [
        11,
        -21
      ],
      [
        80,
        1
      ],
      [
        42,
        27
      ],
      [
        84,
        -33
      ],
      [
        22,
        -39
      ],
      [
        -26,
        -24
      ],
      [
        2,
        -70
      ],
      [
        -64,
        -23
      ],
      [
        -46,
        54
      ],
      [
        -28,
        1
      ],
      [
        -23,
        -37
      ],
      [
        -76,
        -38
      ],
      [
        -6,
        -152
      ],
      [
        61,
        -119
      ],
      [
        -16,
        -38
      ],
      [
        -58,
        10
      ],
      [
        -55,
        -58
      ],
      [
        -78,
        56
      ],
      [
        -143,
        -34
      ],
      [
        -16,
        -33
      ],
      [
        -92,
        -63
      ],
      [
        -53,
        -73
      ],
      [
        57,
        -137
      ],
      [
        -73,
        1
      ],
      [
        -12,
        -19
      ],
      [
        -47,
        -6
      ],
      [
        -15,
        -76
      ],
      [
        35,
        -8
      ],
      [
        35,
        -81
      ],
      [
        32,
        -23
      ],
      [
        10,
        -50
      ],
      [
        81,
        -50
      ],
      [
        4,
        -24
      ],
      [
        -64,
        -101
      ],
      [
        20,
        -82
      ],
      [
        -33,
        -107
      ],
      [
        7,
        -29
      ],
      [
        58,
        -2
      ],
      [
        59,
        -113
      ],
      [
        59,
        -18
      ],
      [
        -10,
        -35
      ],
      [
        14,
        -60
      ],
      [
        65,
        -64
      ],
      [
        27,
        -79
      ],
      [
        123,
        -1
      ],
      [
        51,
        -171
      ],
      [
        82,
        5
      ],
      [
        48,
        -16
      ],
      [
        8,
        -33
      ],
      [
        -33,
        -33
      ],
      [
        9,
        -31
      ],
      [
        28,
        -4
      ],
      [
        -22,
        -17
      ],
      [
        7,
        -41
      ],
      [
        19,
        -16
      ],
      [
        59,
        7
      ],
      [
        -42,
        -54
      ],
      [
        -74,
        -5
      ],
      [
        -37,
        -36
      ],
      [
        26,
        -58
      ],
      [
        -33,
        -80
      ],
      [
        -97,
        -38
      ],
      [
        -21,
        -71
      ],
      [
        -37,
        -14
      ],
      [
        -37,
        -58
      ],
      [
        -72,
        2
      ],
      [
        -33,
        -16
      ],
      [
        -27,
        -58
      ],
      [
        -39,
        -33
      ],
      [
        -1,
        -49
      ],
      [
        -66,
        6
      ],
      [
        -27,
        -61
      ],
      [
        -42,
        8
      ],
      [
        -18,
        -37
      ],
      [
        -61,
        -31
      ],
      [
        -146,
        30
      ],
      [
        -5,
        -41
      ],
      [
        -81,
        -55
      ],
      [
        -80,
        -127
      ],
      [
        -46,
        -21
      ],
      [
        -116,
        26
      ],
      [
        -24,
        30
      ],
      [
        -198,
        -45
      ],
      [
        -81,
        -48
      ],
      [
        -74,
        38
      ],
      [
        -31,
        -10
      ],
      [
        -72,
        -100
      ],
      [
        -97,
        -19
      ],
      [
        -9,
        -81
      ],
      [
        37,
        -86
      ],
      [
        -46,
        -148
      ],
      [
        79,
        -50
      ],
      [
        19,
        -35
      ],
      [
        33,
        -220
      ],
      [
        31,
        -24
      ],
      [
        27,
        37
      ],
      [
        41,
        5
      ],
      [
        80,
        -129
      ],
      [
        63,
        -36
      ],
      [
        96,
        -4
      ],
      [
        49,
        -46
      ],
      [
        -15,
        70
      ],
      [
        30,
        14
      ],
      [
        22,
        -14
      ],
      [
        27,
        -41
      ],
      [
        11,
        -79
      ],
      [
        87,
        -125
      ],
      [
        0,
        -23
